title,pdf
"The Hunger Games (The Hunger Games, #1)",https://drive.google.com/file/d/1-HEl4Hd-_ugeQbd_t32JP_WNP0Z6MS8a/view?usp=sharing
"Harry Potter and the Sorcerer's Stone (Harry Potter, #1)",https://drive.google.com/file/d/1iLEL-G2J0UPeP-CiTMiT4QScamVecdf3/view?usp=sharing
"Twilight (Twilight, #1)",https://drive.google.com/file/d/1iLEL-G2J0UPeP-CiTMiT4QScamVecdf3/view?usp=sharing
To Kill a Mockingbird,https://drive.google.com/file/d/1iLEL-G2J0UPeP-CiTMiT4QScamVecdf3/view?usp=sharing
The Great Gatsby,https://drive.google.com/file/d/1HlgVnj45pzwX0J9GgFWDBOP7PRtUgzBN/view?usp=sharing
The Importance of Being Earnest,https://drive.google.com/file/d/1HlgVnj45pzwX0J9GgFWDBOP7PRtUgzBN/view?usp=sharing
The Hobbit,https://drive.google.com/file/d/1wCQ5vnQM5CofTvlZ6G1br9MdHEX3lTPC/view?usp=sharing
The Catcher in the Rye,https://drive.google.com/file/d/1e1AV5byC8fU7dPlRXztiB_4-RZut0a2n/view?usp=sharing
"Angels & Demons  (Robert Langdon, #1)",https://drive.google.com/file/d/12vUayqVKzS3Tpvo7S0I23v-Hh09tnzbG/view?usp=sharing
Pride and Prejudice,https://drive.google.com/file/d/1lafyXdfmTpBYv1rr8rZuI4tDm63aomnX/view?usp=sharing
The Kite Runner,https://drive.google.com/file/d/1PuCuKJBqfTvOIn0cYrFz6_EzWoV2-Sk8/view?usp=sharing
"Divergent (Divergent, #1)",https://drive.google.com/file/d/1eXqeh6R0z-OXAfKxAmmpnNrT_oQNds2H/view?usp=sharing
1984,https://drive.google.com/file/d/1y5Xigk3z2QcFGCxbkAWINtrd53MNEP_a/view?usp=sharing
Animal Farm,https://drive.google.com/file/d/1UQuRtl49u_UneAOn728v49rfzDcWNhyE/view?usp=sharing
The Diary of a Young Girl,https://drive.google.com/file/d/1LJiLE3MBbr4eQ0jQCCcyrOavigL8rMxY/view?usp=sharing
"The Girl with the Dragon Tattoo (Millennium, #1)",https://drive.google.com/file/d/1UdmtX-eDfoMSJatK6le4WlZieoBQBPD5/view?usp=sharing
"Catching Fire (The Hunger Games, #2)",https://drive.google.com/file/d/0B6HYlbz4HnOjdWdjdktVaDFUZXc/view
"Harry Potter and the Prisoner of Azkaban (Harry Potter, #3)",https://drive.google.com/file/d/17qiGAB6-vvhQdxF87aHDQV20-kHFxkJw/view?usp=sharing
"The Fellowship of the Ring (The Lord of the Rings, #1)",https://drive.google.com/file/d/1XRzaijTJ2HB9offAkIj2x3KEb8bgJ05G/view?usp=sharing
"Mockingjay (The Hunger Games, #3)",https://drive.google.com/file/d/16qp4EpcPair2HcO6YhkpjH-CAtm7Rij5/view?usp=sharing
"Harry Potter and the Order of the Phoenix (Harry Potter, #5)",https://drive.google.com/file/d/1dxbKUw8vfm2Qk4XHAPgijFI3J0sY_Oih/view?usp=sharing
The Lovely Bones,https://drive.google.com/file/d/1LKQSA1McUMiNGyb7myGRnToVRmDZOkyV/view?usp=sharing
"Harry Potter and the Chamber of Secrets (Harry Potter, #2)",https://drive.google.com/file/d/1wZ8RcXfancplpTimadY8b9w3Q61c0hOm/view?usp=sharing
"Harry Potter and the Goblet of Fire (Harry Potter, #4)",https://drive.google.com/file/d/1joAGP9pu1FXB_MkDwssb9-rJP0_ztB2J/view?usp=sharing
"Harry Potter and the Deathly Hallows (Harry Potter, #7)",https://drive.google.com/file/d/1nXL1BMetNpaabTXlOnZMgIGcXFvqABHw/view?usp=sharing
"The Da Vinci Code (Robert Langdon, #2)",https://drive.google.com/file/d/1gZA73IjGkSR1T_KgM6yYrnH0KpedPZqx/view?usp=sharing
"Harry Potter and the Half-Blood Prince (Harry Potter, #6)",https://drive.google.com/file/d/1n5DffLt3tWEP8ENyTBUNCL3Ji-z62xgF/view?usp=sharing
Lord of the Flies,https://drive.google.com/file/d/1Q0N6ms-7Kcfyg76x3k2l3J7vEL4KSalH/view?usp=sharing
Romeo and Juliet,https://drive.google.com/file/d/1QEM5XYGHWyvAJC5Vp-g4fulqNyryFu0J/view?usp=sharing
Gone Girl,
The Help,https://drive.google.com/file/d/17XNCgvM2xJK4OB5XdPHBFflTpGZazUK0/view?usp=sharing
Of Mice and Men,https://drive.google.com/file/d/1y2vdx3T0bNVY0KgfDaorQpMfZh85aBRF/view?usp=sharing
Memoirs of a Geisha,https://drive.google.com/file/d/1kMUB31GUqcICsX_NiitBwNQiJwps7Vm3/view?usp=sharing
"The Lost Symbol (Robert Langdon, #3)",https://drive.google.com/file/d/1qm4sH3eq43hx9-W_5LNw9upKP1oo5S9V/view?usp=sharing
The Alchemist,https://drive.google.com/file/d/1zCour-vZJf92Ec1mRUZjmJO6APNgRMr9/view?usp=sharing
"The Giver (The Giver, #1)",https://drive.google.com/file/d/1y2Twy76bFn3ZIUFWNIaNLc7yTd-gI7rP/view?usp=sharing
"The Lion, the Witch, and the Wardrobe (Chronicles of Narnia, #1)",https://drive.google.com/file/d/1INQXyYBDwL4MYYAZR-ldNvhhlyHneZ6e/view?usp=sharing
The Time Traveler's Wife,https://drive.google.com/file/d/1XPFJPvztJ5TlFrn3eoxnJ4_bGX_w6ap0/view?usp=sharing
"A Game of Thrones (A Song of Ice and Fire, #1)",https://drive.google.com/file/d/11wmdp5-YqlGUjBuq2C5wPtA7aZ_G8abH/view?usp=sharing
"Eat, Pray, Love",https://drive.google.com/file/d/1hwjtWVGvruSnX-Y0Q4UmJJMUug0LfC_Z/view?usp=sharing
"The Lightning Thief (Percy Jackson and the Olympians, #1)",https://drive.google.com/file/d/11fX1nvECJY7Vx_gapeNS2yYhOpROfRIF/view?usp=sharing
"Little Women (Little Women, #1)",https://drive.google.com/file/d/1r1ixXC-9CWn1Lx-IZ66sEuV5HKRFvpn_/view?usp=sharing
Jane Eyre,https://drive.google.com/file/d/185sLnG6RnBJGlRzTtJVdD8x58Sn03vwf/view?usp=sharing
"The Notebook (The Notebook, #1)",https://drive.google.com/file/d/1pMOkN-Erhu0Yd2jgLd-mwZri0EaLAz5C/view?usp=sharing
Life of Pi,https://drive.google.com/file/d/1W8vdGGj00ARGJavvExp5mjD_yq995QZT/view?usp=sharing
Water for Elephants,https://drive.google.com/file/d/14GoA3uweu6R1IUEdjUi_Eik3Doip1iWw/view?usp=sharing
The Book Thief,https://drive.google.com/file/d/1K3_o2ESsq5qX72EkRZNu9lSoqh7FZAH5/view?usp=sharing
Fahrenheit 451,https://drive.google.com/file/d/1vAfw1NHsVdp6SwEeI0TshTxU_HrulmPt/view?usp=sharing
"New Moon (Twilight, #2)",https://drive.google.com/file/d/1-h8ZQy3l6uRlkLT_gl5K-m2HSQ-93E9L/view?usp=sharing
Where the Sidewalk Ends,https://drive.google.com/file/d/17vNNqBL6hmLqz9RXnAM47K7Nd_kOV_TG/view?usp=sharing
"City of Bones (The Mortal Instruments, #1)",https://drive.google.com/file/d/15RJkvANgUoj6kASRKzFyLI33eIc1DwXD/view?usp=sharing
"Eclipse (Twilight, #3)",https://drive.google.com/file/d/1-0udn3cigGr_-iGGwTtmRTuu9FfWEamW/view?usp=sharing
"Eragon (The Inheritance Cycle, #1)",https://drive.google.com/file/d/1HgUbXlqjn53dqdyKy4PqZ0dPDpgRh5GJ/view?usp=sharing
"The Hitchhiker's Guide to the Galaxy (Hitchhiker's Guide to the Galaxy, #1)",https://drive.google.com/file/d/1-x2hoQcFv9KC3f7Rn_VJUZLnQDaVM_Z5/view?usp=sharing
Brave New World,https://drive.google.com/file/d/1lXpLHTn5Bj--gu_4hZU_lpqWjIbDpvWb/view?usp=sharing
"Breaking Dawn (Twilight, #4)",https://drive.google.com/file/d/1by_XTqk_b-CTSkgDcfZvXCxenKD0r5LM/view?usp=sharing
The Secret Life of Bees,https://drive.google.com/file/d/1jhKLb-_uXov2bO3blSFMtEpePlqehvvX/view?usp=sharing
The Adventures of Huckleberry Finn,https://drive.google.com/file/d/17Z8Wek_63Rr7-NtBRW1vVUea4uZfKLpA/view?usp=sharing
Charlotte's Web,https://drive.google.com/file/d/1N-LwOndi6kYvLsFIBN9VJylpGKVyLsrG/view?usp=sharing
The Curious Incident of the Dog in the Night-Time,https://drive.google.com/file/d/1sJ83p_wFypkjQhXlcKXaMKEEch3DGyDo/view?usp=sharing
The Girl on the Train,https://drive.google.com/file/d/1oLeSb1-oH8EgC9_YHhKp0icfoi9i6SE2/view?usp=sharing
"The Golden Compass (His Dark Materials, #1)",https://drive.google.com/file/d/1E1ZgnfkgLrc4n-cIyQ_YmNkEJzWl9QFZ/view?usp=sharing
Wuthering Heights,https://drive.google.com/file/d/1d7P-yb3Xb-UZ5lRMYLuZF6I1ke3kqfCO/view?usp=sharing
My Sister's Keeper,https://drive.google.com/file/d/1sX_Drhb00pvBkwdO7elU3bh8AS3KNIoG/view?usp=sharing
